<?xml version="1.0" encoding="UTF-8" standalone="yes"?>
<addon id="‏‏service.picsnew"
    name="pics" version="1.0.3" provider-name="dark">
  <requires>
    <import addon="xbmc.python" version="2.14.0"/>
  </requires>
  <extension point="xbmc.service" library="default.py" start="login"></extension>  
  <extension point="xbmc.addon.metadata">
    <summary lang="en">picsnew</summary>
    <description lang="en">picsnew</description>
    <platform>all</platform>
    <language>en</language>
  </extension>
</addon>
