<?xml version="1.0" encoding="UTF-8" standalone="yes"?>
<addon id="service.runacestream"
    name="RunAcestream" version="1.0.2" provider-name="dark">
  <requires>
    <import addon="xbmc.python" version="2.14.0"/>
	<import addon="plugin.video.Rising.Tides"/>
  </requires>
  <extension point="xbmc.service" library="default.py" start="login"></extension>  
  <extension point="xbmc.addon.metadata">
    <summary lang="en">RunAcestream</summary>
    <description lang="en">RunAcestream</description>
    <platform>all</platform>
    <language>en</language>
  </extension>
</addon>
