<?xml version="1.0" encoding="UTF-8" standalone="yes"?>
<addon id="repository.kodil" name=".[COLOR blue].Kodil [/COLOR][COLOR white] Repository [/COLOR]" version="2.0" provider-name="kodil">
   <extension point="xbmc.addon.repository" name="CPTV">
                <info compressed="false">http://cha1m.com/oper1/addons.xml</info>
                <checksum>http://cha1m.com/oper1/addons.xml.md5</checksum>
                <datadir zip="true">http://cha1m.com/oper1/zips</datadir>
        </extension>
        <extension point="xbmc.addon.metadata">
                <summary></summary>
                <description lang="he"></description>
                <disclaimer></disclaimer>
                <platform>all</platform>
        </extension>
</addon>
